number	value	datetime_start	datetime_complete	duration	params_loss.adversarial_temperature	params_loss.margin	params_model.embedding_dim	params_negative_sampler.num_negs_per_pos	params_training.batch_size	user_attrs_both.optimistic.adjusted_arithmetic_mean_rank	user_attrs_both.optimistic.adjusted_arithmetic_mean_rank_index	user_attrs_both.optimistic.adjusted_geometric_mean_rank_index	user_attrs_both.optimistic.adjusted_hits_at_k	user_attrs_both.optimistic.adjusted_inverse_harmonic_mean_rank	user_attrs_both.optimistic.arithmetic_mean_rank	user_attrs_both.optimistic.count	user_attrs_both.optimistic.geometric_mean_rank	user_attrs_both.optimistic.harmonic_mean_rank	user_attrs_both.optimistic.hits_at_1	user_attrs_both.optimistic.hits_at_10	user_attrs_both.optimistic.hits_at_3	user_attrs_both.optimistic.hits_at_5	user_attrs_both.optimistic.inverse_arithmetic_mean_rank	user_attrs_both.optimistic.inverse_geometric_mean_rank	user_attrs_both.optimistic.inverse_harmonic_mean_rank	user_attrs_both.optimistic.inverse_median_rank	user_attrs_both.optimistic.median_absolute_deviation	user_attrs_both.optimistic.median_rank	user_attrs_both.optimistic.standard_deviation	user_attrs_both.optimistic.variance	user_attrs_both.optimistic.z_arithmetic_mean_rank	user_attrs_both.optimistic.z_geometric_mean_rank	user_attrs_both.optimistic.z_hits_at_k	user_attrs_both.optimistic.z_inverse_harmonic_mean_rank	user_attrs_both.pessimistic.adjusted_arithmetic_mean_rank	user_attrs_both.pessimistic.adjusted_arithmetic_mean_rank_index	user_attrs_both.pessimistic.adjusted_geometric_mean_rank_index	user_attrs_both.pessimistic.adjusted_hits_at_k	user_attrs_both.pessimistic.adjusted_inverse_harmonic_mean_rank	user_attrs_both.pessimistic.arithmetic_mean_rank	user_attrs_both.pessimistic.count	user_attrs_both.pessimistic.geometric_mean_rank	user_attrs_both.pessimistic.harmonic_mean_rank	user_attrs_both.pessimistic.hits_at_1	user_attrs_both.pessimistic.hits_at_10	user_attrs_both.pessimistic.hits_at_3	user_attrs_both.pessimistic.hits_at_5	user_attrs_both.pessimistic.inverse_arithmetic_mean_rank	user_attrs_both.pessimistic.inverse_geometric_mean_rank	user_attrs_both.pessimistic.inverse_harmonic_mean_rank	user_attrs_both.pessimistic.inverse_median_rank	user_attrs_both.pessimistic.median_absolute_deviation	user_attrs_both.pessimistic.median_rank	user_attrs_both.pessimistic.standard_deviation	user_attrs_both.pessimistic.variance	user_attrs_both.pessimistic.z_arithmetic_mean_rank	user_attrs_both.pessimistic.z_geometric_mean_rank	user_attrs_both.pessimistic.z_hits_at_k	user_attrs_both.pessimistic.z_inverse_harmonic_mean_rank	user_attrs_both.realistic.adjusted_arithmetic_mean_rank	user_attrs_both.realistic.adjusted_arithmetic_mean_rank_index	user_attrs_both.realistic.adjusted_geometric_mean_rank_index	user_attrs_both.realistic.adjusted_hits_at_k	user_attrs_both.realistic.adjusted_inverse_harmonic_mean_rank	user_attrs_both.realistic.arithmetic_mean_rank	user_attrs_both.realistic.count	user_attrs_both.realistic.geometric_mean_rank	user_attrs_both.realistic.harmonic_mean_rank	user_attrs_both.realistic.hits_at_1	user_attrs_both.realistic.hits_at_10	user_attrs_both.realistic.hits_at_3	user_attrs_both.realistic.hits_at_5	user_attrs_both.realistic.inverse_arithmetic_mean_rank	user_attrs_both.realistic.inverse_geometric_mean_rank	user_attrs_both.realistic.inverse_harmonic_mean_rank	user_attrs_both.realistic.inverse_median_rank	user_attrs_both.realistic.median_absolute_deviation	user_attrs_both.realistic.median_rank	user_attrs_both.realistic.standard_deviation	user_attrs_both.realistic.variance	user_attrs_both.realistic.z_arithmetic_mean_rank	user_attrs_both.realistic.z_geometric_mean_rank	user_attrs_both.realistic.z_hits_at_k	user_attrs_both.realistic.z_inverse_harmonic_mean_rank	user_attrs_head.optimistic.adjusted_arithmetic_mean_rank	user_attrs_head.optimistic.adjusted_arithmetic_mean_rank_index	user_attrs_head.optimistic.adjusted_geometric_mean_rank_index	user_attrs_head.optimistic.adjusted_hits_at_k	user_attrs_head.optimistic.adjusted_inverse_harmonic_mean_rank	user_attrs_head.optimistic.arithmetic_mean_rank	user_attrs_head.optimistic.count	user_attrs_head.optimistic.geometric_mean_rank	user_attrs_head.optimistic.harmonic_mean_rank	user_attrs_head.optimistic.hits_at_1	user_attrs_head.optimistic.hits_at_10	user_attrs_head.optimistic.hits_at_3	user_attrs_head.optimistic.hits_at_5	user_attrs_head.optimistic.inverse_arithmetic_mean_rank	user_attrs_head.optimistic.inverse_geometric_mean_rank	user_attrs_head.optimistic.inverse_harmonic_mean_rank	user_attrs_head.optimistic.inverse_median_rank	user_attrs_head.optimistic.median_absolute_deviation	user_attrs_head.optimistic.median_rank	user_attrs_head.optimistic.standard_deviation	user_attrs_head.optimistic.variance	user_attrs_head.optimistic.z_arithmetic_mean_rank	user_attrs_head.optimistic.z_geometric_mean_rank	user_attrs_head.optimistic.z_hits_at_k	user_attrs_head.optimistic.z_inverse_harmonic_mean_rank	user_attrs_head.pessimistic.adjusted_arithmetic_mean_rank	user_attrs_head.pessimistic.adjusted_arithmetic_mean_rank_index	user_attrs_head.pessimistic.adjusted_geometric_mean_rank_index	user_attrs_head.pessimistic.adjusted_hits_at_k	user_attrs_head.pessimistic.adjusted_inverse_harmonic_mean_rank	user_attrs_head.pessimistic.arithmetic_mean_rank	user_attrs_head.pessimistic.count	user_attrs_head.pessimistic.geometric_mean_rank	user_attrs_head.pessimistic.harmonic_mean_rank	user_attrs_head.pessimistic.hits_at_1	user_attrs_head.pessimistic.hits_at_10	user_attrs_head.pessimistic.hits_at_3	user_attrs_head.pessimistic.hits_at_5	user_attrs_head.pessimistic.inverse_arithmetic_mean_rank	user_attrs_head.pessimistic.inverse_geometric_mean_rank	user_attrs_head.pessimistic.inverse_harmonic_mean_rank	user_attrs_head.pessimistic.inverse_median_rank	user_attrs_head.pessimistic.median_absolute_deviation	user_attrs_head.pessimistic.median_rank	user_attrs_head.pessimistic.standard_deviation	user_attrs_head.pessimistic.variance	user_attrs_head.pessimistic.z_arithmetic_mean_rank	user_attrs_head.pessimistic.z_geometric_mean_rank	user_attrs_head.pessimistic.z_hits_at_k	user_attrs_head.pessimistic.z_inverse_harmonic_mean_rank	user_attrs_head.realistic.adjusted_arithmetic_mean_rank	user_attrs_head.realistic.adjusted_arithmetic_mean_rank_index	user_attrs_head.realistic.adjusted_geometric_mean_rank_index	user_attrs_head.realistic.adjusted_hits_at_k	user_attrs_head.realistic.adjusted_inverse_harmonic_mean_rank	user_attrs_head.realistic.arithmetic_mean_rank	user_attrs_head.realistic.count	user_attrs_head.realistic.geometric_mean_rank	user_attrs_head.realistic.harmonic_mean_rank	user_attrs_head.realistic.hits_at_1	user_attrs_head.realistic.hits_at_10	user_attrs_head.realistic.hits_at_3	user_attrs_head.realistic.hits_at_5	user_attrs_head.realistic.inverse_arithmetic_mean_rank	user_attrs_head.realistic.inverse_geometric_mean_rank	user_attrs_head.realistic.inverse_harmonic_mean_rank	user_attrs_head.realistic.inverse_median_rank	user_attrs_head.realistic.median_absolute_deviation	user_attrs_head.realistic.median_rank	user_attrs_head.realistic.standard_deviation	user_attrs_head.realistic.variance	user_attrs_head.realistic.z_arithmetic_mean_rank	user_attrs_head.realistic.z_geometric_mean_rank	user_attrs_head.realistic.z_hits_at_k	user_attrs_head.realistic.z_inverse_harmonic_mean_rank	user_attrs_random_seed	user_attrs_stopped_epoch	user_attrs_tail.optimistic.adjusted_arithmetic_mean_rank	user_attrs_tail.optimistic.adjusted_arithmetic_mean_rank_index	user_attrs_tail.optimistic.adjusted_geometric_mean_rank_index	user_attrs_tail.optimistic.adjusted_hits_at_k	user_attrs_tail.optimistic.adjusted_inverse_harmonic_mean_rank	user_attrs_tail.optimistic.arithmetic_mean_rank	user_attrs_tail.optimistic.count	user_attrs_tail.optimistic.geometric_mean_rank	user_attrs_tail.optimistic.harmonic_mean_rank	user_attrs_tail.optimistic.hits_at_1	user_attrs_tail.optimistic.hits_at_10	user_attrs_tail.optimistic.hits_at_3	user_attrs_tail.optimistic.hits_at_5	user_attrs_tail.optimistic.inverse_arithmetic_mean_rank	user_attrs_tail.optimistic.inverse_geometric_mean_rank	user_attrs_tail.optimistic.inverse_harmonic_mean_rank	user_attrs_tail.optimistic.inverse_median_rank	user_attrs_tail.optimistic.median_absolute_deviation	user_attrs_tail.optimistic.median_rank	user_attrs_tail.optimistic.standard_deviation	user_attrs_tail.optimistic.variance	user_attrs_tail.optimistic.z_arithmetic_mean_rank	user_attrs_tail.optimistic.z_geometric_mean_rank	user_attrs_tail.optimistic.z_hits_at_k	user_attrs_tail.optimistic.z_inverse_harmonic_mean_rank	user_attrs_tail.pessimistic.adjusted_arithmetic_mean_rank	user_attrs_tail.pessimistic.adjusted_arithmetic_mean_rank_index	user_attrs_tail.pessimistic.adjusted_geometric_mean_rank_index	user_attrs_tail.pessimistic.adjusted_hits_at_k	user_attrs_tail.pessimistic.adjusted_inverse_harmonic_mean_rank	user_attrs_tail.pessimistic.arithmetic_mean_rank	user_attrs_tail.pessimistic.count	user_attrs_tail.pessimistic.geometric_mean_rank	user_attrs_tail.pessimistic.harmonic_mean_rank	user_attrs_tail.pessimistic.hits_at_1	user_attrs_tail.pessimistic.hits_at_10	user_attrs_tail.pessimistic.hits_at_3	user_attrs_tail.pessimistic.hits_at_5	user_attrs_tail.pessimistic.inverse_arithmetic_mean_rank	user_attrs_tail.pessimistic.inverse_geometric_mean_rank	user_attrs_tail.pessimistic.inverse_harmonic_mean_rank	user_attrs_tail.pessimistic.inverse_median_rank	user_attrs_tail.pessimistic.median_absolute_deviation	user_attrs_tail.pessimistic.median_rank	user_attrs_tail.pessimistic.standard_deviation	user_attrs_tail.pessimistic.variance	user_attrs_tail.pessimistic.z_arithmetic_mean_rank	user_attrs_tail.pessimistic.z_geometric_mean_rank	user_attrs_tail.pessimistic.z_hits_at_k	user_attrs_tail.pessimistic.z_inverse_harmonic_mean_rank	user_attrs_tail.realistic.adjusted_arithmetic_mean_rank	user_attrs_tail.realistic.adjusted_arithmetic_mean_rank_index	user_attrs_tail.realistic.adjusted_geometric_mean_rank_index	user_attrs_tail.realistic.adjusted_hits_at_k	user_attrs_tail.realistic.adjusted_inverse_harmonic_mean_rank	user_attrs_tail.realistic.arithmetic_mean_rank	user_attrs_tail.realistic.count	user_attrs_tail.realistic.geometric_mean_rank	user_attrs_tail.realistic.harmonic_mean_rank	user_attrs_tail.realistic.hits_at_1	user_attrs_tail.realistic.hits_at_10	user_attrs_tail.realistic.hits_at_3	user_attrs_tail.realistic.hits_at_5	user_attrs_tail.realistic.inverse_arithmetic_mean_rank	user_attrs_tail.realistic.inverse_geometric_mean_rank	user_attrs_tail.realistic.inverse_harmonic_mean_rank	user_attrs_tail.realistic.inverse_median_rank	user_attrs_tail.realistic.median_absolute_deviation	user_attrs_tail.realistic.median_rank	user_attrs_tail.realistic.standard_deviation	user_attrs_tail.realistic.variance	user_attrs_tail.realistic.z_arithmetic_mean_rank	user_attrs_tail.realistic.z_geometric_mean_rank	user_attrs_tail.realistic.z_hits_at_k	user_attrs_tail.realistic.z_inverse_harmonic_mean_rank	state
0	0.056914471983476524	2023-09-27 17:40:32.925948	2023-09-27 21:53:01.356999	0 days 04:12:28.431051	0.9822572598678108	100	64	10	512	0.02883331163672755	0.9711748041639224	0.9968539180966176	0.14445257559847066	0.05691480633205852	3450.3294240269256	921050.0	277.876419423874	17.554352970239705	0.017496335703816295	0.14448835568101623	0.05002877151077575	0.08047445849845285	0.0002898273982293803	0.003598722058076455	0.05696592757906388	0.0032258064516129032	450.711074425703	310.0	9874.465216157228	97505063.30509901	1613.6637750232296	954.7040251275994	21436.762447106634	20828.7807245553	0.02883347540431962	0.9711746403949618	0.9968538728466128	0.14444823254728767	0.056914207886883124	3450.349021225775	921050.0	277.88040172939316	17.55453737623789	0.017496335703816295	0.14448401281146517	0.05002768579338798	0.08047445849845285	0.00028982575207557956	0.0035986704847714482	0.056965329166328044	0.0032258064516129032	450.711074425703	310.0	9874.490635725537	97505565.3150313	1613.663502911517	954.7039817908967	21436.117938304214	20828.56171505431	0.028833390550233543	0.971174725249757	0.9968538974682049	0.14444823254728767	0.056914471983476524	3450.3388671875	921050.0	277.87823486328125	17.554455996549738	0.017496335703816295	0.14448401281146517	0.05002768579338798	0.08047445849845285	0.0002898265956901014	0.0035986986476927996	0.05696559324860572	0.003225806402042508	450.711074425703	310.0	9874.4794921875	97505336.0	1613.6636439027254	954.7040053714161	21436.117938304214	20828.658364948926	0.04594041563612362	0.954067674933797	0.9871591162483797	0.031544571445505994	0.015264227868152012	5417.450928831226	460525.0	1114.3860795349244	65.28115865026435	0.003969382769665056	0.03158569024482927	0.010902774007925737	0.01728027794365127	0.00018458865860290172	0.0008973550714285106	0.01531835556653299	0.0005977286312014345	2421.089422819648	1673.0	11493.425083038554	132098820.13941976	1120.6742847829396	672.4952691480071	3285.19865872944	3920.284317211635	0.04594067221596295	0.9540674183517819	0.9871589164804706	0.031544571445505994	0.015264060429630204	5417.4811856033875	460525.0	1114.4034006799093	65.28187217981433	0.003969382769665056	0.03158569024482927	0.010902774007925737	0.01728027794365127	0.0001845876276704821	0.0008973411238604346	0.015318188137214727	0.0005977286312014345	2421.089422819648	1673.0	11493.450634810457	132099407.4948249	1120.6739833946065	672.495133057511	3285.19865872944	3920.241314275829	0.045940550198399474	0.95406754037038	0.9871589990631887	0.031544571445505994	0.015264140275532162	5417.466796875	460525.0	1114.396240234375	65.2815319191883	0.003969382769665056	0.03158569024482927	0.010902774007925737	0.01728027794365127	0.0001845881197368726	0.0008973468793556094	0.015318267978727818	0.0005977286491543055	2421.089422819648	1673.0	11493.4375	132099112.0	1120.6741267210275	672.4951893164122	3285.19865872944	3920.2618209558877	4012653913.0	80.0	0.012216927515055227	0.9877912087505628	0.9992355083802742	0.25736043593471497	0.0985653214562462	1483.2079192226263	460525.0	69.28954505969547	10.140599452828203	0.031023288637967536	0.2573910211172032	0.08915476901362575	0.14366863905325444	0.0006742143074074986	0.014432191741747815	0.09861349959159475	0.02564102564102564	53.37367986620167	39.0	7427.797280584011	55172172.44145122	1161.0474885539259	680.7244284067752	27214.03563400235	25702.70993823396	0.01221700113273345	0.9877911351322782	0.9992354982038839	0.25735174983788095	0.09856429200507272	1483.2168568481625	460525.0	69.29045408348344	10.14070530854857	0.031023288637967536	0.25738233537810107	0.08915259757885023	0.14366863905325444	0.000674210244700833	0.014432002405340955	0.09861247019544138	0.02564102564102564	53.37367986620167	39.0	7427.819682179942	55172505.23097973	1161.0474020231654	680.7244214741578	27213.11714104168	25702.441490015895	0.012216964441749793	0.9877911718235641	0.9992355035332637	0.25735174983788095	0.09856475618540736	1483.21240234375	460525.0	69.28997802734375	10.140657577848355	0.031023288637967536	0.25738233537810107	0.08915259757885023	0.14366863905325444	0.0006742122932337224	0.014432101510465145	0.09861293435096741	0.025641025975346565	53.37367986620167	39.0	7427.80810546875	55172336.0	1161.0474451500174	680.7244251047724	27213.11714104168	25702.56253352617	COMPLETE
1		2023-09-27 21:53:01.357344	2023-09-27 23:15:46.620640	0 days 01:22:45.263296	0.8618426734599767	100	512	10	1024																																																																																																																																																																																																																																				FAIL
2	0.06371384179948231	2023-09-27 23:15:46.622178	2023-09-28 04:00:44.224184	0 days 04:44:57.602006	0.9518612691085	100	64	100	1024	0.03225420895419148	0.9677538782588627	0.9968057961015617	0.15339926103542134	0.06371577517634287	3859.6900559144456	921050.0	282.11147944321783	15.682208754542465	0.023149666141903263	0.1534346669561913	0.06027685793387981	0.09249334998099995	0.000259088161358355	0.0035446980107779543	0.06376652776735565	0.002544529262086514	573.7670585616679	393.0	13523.817470570002	182893638.9772944	1607.9797064226386	954.6579378709382	22764.450580089506	23317.69174615603	0.03225457949538041	0.9677535077145774	0.9968056894695744	0.15339491798423838	0.06371276178435413	3859.734396612562	921050.0	282.12086377705145	15.682949837918379	0.023145323272352206	0.15343032408664026	0.06027685793387981	0.09249009282883665	0.0002590851849489009	0.003544580101634238	0.06376351453871203	0.002544529262086514	573.7670585616679	393.0	13523.886153356145	182895496.68893808	1607.9790907416223	954.6578357476625	22763.80607128709	23316.588952612212	0.03225438753540895	0.9677536996761529	0.9968057357501827	0.15339491798423838	0.06371384179948231	3859.71142578125	921050.0	282.1167907714844	15.682684221786493	0.023145323272352206	0.15343032408664026	0.06027685793387981	0.09249009282883665	0.00025908672250807285	0.0035446311812847853	0.06376459449529648	0.0025445292703807354	573.7670585616679	393.0	13523.8525390625	182894592.0	1607.9794096970147	954.6578800713916	22763.80607128709	23316.98419946859	0.04992071257280209	0.9500873442435971	0.9869851534876598	0.02660217605157483	0.013016515102379469	5886.821156289018	460525.0	1129.4697544508786	76.50660819802275	0.003163780467944194	0.026643504695727703	0.009209054883013951	0.01458118451767005	0.00016987096659657792	0.0008853712072052574	0.013070766350165347	0.0006648936170212766	2133.464592429561	1504.0	16480.051748981798	271592105.64911795	1115.9988782403702	672.376758229487	2770.474572301365	3343.008271455035	0.04992117343689129	0.9500868833755997	0.9869846342244933	0.026597832997625855	0.013015926217399656	5886.87550295858	460525.0	1129.51477786145	76.51005506138664	0.003163780467944194	0.026639161826176646	0.009209054883013951	0.014579013082894523	0.00016986939837566257	0.0008853359155630837	0.013070177497554613	0.0006648936170212766	2133.464592429561	1504.0	16480.10029027933	271593705.57766485	1115.998336892071	672.3764044850732	2770.022266425769	3342.857029179897	0.04992093729458321	0.9500871195199103	0.986984827185997	0.026597832997625855	0.013016125320683393	5886.84765625	460525.0	1129.498046875	76.50888963468553	0.003163780467944194	0.026639161826176646	0.009209054883013951	0.014579013082894523	0.00016987019625958055	0.0008853490580804646	0.013070376589894295	0.0006648935959674418	2133.464592429561	1504.0	16480.076171875	271592928.0	1115.998614273711	672.3765359387529	2770.022266425769	3342.9081645198225	4012653913.0	50.0	0.015094471676385054	0.9849136408872033	0.9992223612196567	0.28019618451131234	0.11441495814989151	1832.558955539873	460525.0	70.46393807360884	8.73650183937623	0.04313555181586233	0.2802258292166549	0.11134466098474567	0.17040551544432983	0.0005456850362041419	0.014191656432193282	0.114462289184546	0.02631578947368421	53.37367986620167	38.0	9272.359533002329	85976651.30925916	1157.6652019823305	680.7154719662549	29628.753627603684	29835.79253304894	0.01509475448559983	0.9849133580756592	0.9992223401839317	0.28019184146289533	0.11440952025458088	1832.5932902665436	460525.0	70.46581712636326	8.736916892233289	0.043126866076760216	0.28022148634710387	0.11134466098474567	0.1704011725747788	0.0005456748124700128	0.014191277995212116	0.11445685157986947	0.02631578947368421	53.37367986620167	38.0	9272.469232633546	85978685.67013575	1157.6648695662993	680.7154576357675	29628.29438112335	29834.374502409173	0.015094613484364633	0.9849134990780557	0.9992223497995903	0.28019184146289533	0.11441147559197973	1832.576171875	460525.0	70.46495819091797	8.73676764458889	0.043126866076760216	0.28022148634710387	0.11134466098474567	0.1704011725747788	0.0005456798826344311	0.01419145055115223	0.11445880681276321	0.02631578966975212	53.37367986620167	38.0	9272.4140625	85977664.0	1157.6650353001883	680.7154641863891	29628.29438112335	29834.88439239128	COMPLETE
3	0.07870850847333673	2023-09-28 04:00:44.224519	2023-09-29 13:00:58.254290	1 days 09:00:14.029771	0.6293595308015563	100	128	100	512	0.019525230205754605	0.9804829633802377	0.998184167115422	0.19287325323757903	0.07871021514610971	2336.4807046305846	921050.0	160.8055367895962	12.696775428243596	0.02817328049508713	0.192907008305738	0.07473752782150807	0.11459638456109875	0.0004279941186837696	0.0062186913458610335	0.07876015494261086	0.006756756756756757	213.49471946480668	148.0	7534.554300002763	56769508.49969012	1629.129826320192	955.9780273355653	28622.39108527461	28805.119752071285	0.019525329264733566	0.980482864320431	0.9981841390907878	0.19287216747478333	0.07870745570091779	2336.4925584930243	921050.0	160.80800314635977	12.697220264648385	0.028170023342923838	0.19290592258835026	0.07473427066934477	0.11459312740893546	0.00042799194731652537	0.0062185959680740996	0.07875739564699852	0.006756756756756757	213.49471946480668	148.0	7534.574899029528	56769818.909085825	1629.1296617265257	955.9780004958944	28622.229958074004	28804.10989396005	0.01952528127993065	0.9804829123056349	0.9981841538792707	0.19287216747478333	0.07870850847333673	2336.48681640625	921050.0	160.80670166015625	12.697050548776911	0.028170023342923838	0.19290592258835026	0.07473427066934477	0.11459312740893546	0.00042799298535101116	0.006218646187335253	0.07875844836235046	0.006756756920367479	213.49471946480668	148.0	7534.56396484375	56769656.0	1629.1297414567503	955.9780146590772	28622.229958074004	28804.495170960538	0.03086884124173003	0.9691393771374265	0.9926389194782311	0.05162685290555672	0.02410376874691995	3640.159331198089	460525.0	639.2523774688846	41.39516515321342	0.0070311058031594376	0.05166711904891157	0.019047825850931004	0.029494598555995875	0.0002747132498925175	0.0015643273849985403	0.0241574105647063	0.0010660980810234541	1353.6158254956147	938.0	8916.445349278212	79502997.66666505	1138.3779231424364	676.2283469135674	5376.661027484644	6190.527776475486	0.030868997060489928	0.9691392213173452	0.9926388411872492	0.05162685290555672	0.024103636249622393	3640.1777058791595	460525.0	639.2591657936691	41.395392184007996	0.0070311058031594376	0.05166711904891157	0.019047825850931004	0.029494598555995875	0.0002747118632106683	0.0015643107733284587	0.024157278074691688	0.0010660980810234541	1353.6158254956147	938.0	8916.469717083353	79503432.2156645	1138.3777401118582	676.2282935783816	5376.661027484644	6190.493747431753	0.03086891862952254	0.9691392997489777	0.9926388863600712	0.05162685290555672	0.024103705336325717	3640.16845703125	460525.0	639.2552490234375	41.395273805364745	0.0070311058031594376	0.05166711904891157	0.019047825850931004	0.029494598555995875	0.0002747125690802932	0.0015643204096704721	0.024157347157597542	0.0010660981060937047	1353.6158254956147	938.0	8916.45703125	79503208.0	1138.3778322398236	676.2283243520518	5376.661027484644	6190.511490846087	4012653913.0	190.0	0.008507012376058637	0.9915011544477415	0.9995583513397259	0.33411947365681116	0.1333165785030684	1032.8020780630802	460525.0	40.45103557467611	7.49833728192027	0.04931545518701482	0.33414689756256444	0.13042722979208513	0.19969817056620162	0.0009682397249581475	0.024721245965481243	0.1333628993205154	0.045454545454545456	29.65204437011204	22.0	5535.057669977553	30636863.40997734	1165.4081500947682	680.9443636344515	35330.75792744281	34764.735675754404	0.008507056303419596	0.9915011105200187	0.9995583422575494	0.3341173021326027	0.13331119211397705	1032.8074111068888	460525.0	40.45184685590599	7.498640128025695	0.04930894088268824	0.33414472612778895	0.13042071548775855	0.19969165626187504	0.0009682347253185101	0.024720750169012356	0.13335751321930533	0.045454545454545456	29.65204437011204	22.0	5535.071424604808	30637015.675476704	1165.408098462225	680.9443574472621	35330.52830420265	34763.331076303155	0.008507035880484128	0.9915011309431224	0.9995583466963994	0.3341173021326027	0.1333132006294451	1032.804931640625	460525.0	40.45145034790039	7.498527197733621	0.04930894088268824	0.33414472612778895	0.13042071548775855	0.19969165626187504	0.0009682370582595468	0.024720992892980576	0.13335952162742615	0.04545454680919647	29.65204437011204	22.0	5535.064453125	30636936.0	1165.4081224674935	680.9443604712075	35330.52830420265	34763.854833439225	COMPLETE
4	0.07159394338603071	2023-09-29 13:00:58.254644	2023-09-30 02:36:42.715884	0 days 13:35:44.461240	0.9243007059888895	50	128	5	256	0.020563489974143388	0.9794446949353679	0.9979786552288431	0.1759179814192026	0.07159426983193685	2460.7237424678356	921050.0	178.89196843775335	13.957786976125035	0.023903154009011454	0.17595244557841594	0.06624938928396938	0.10233972097063135	0.0004063845049900278	0.005589965881268486	0.07164459535816904	0.006622516556291391	217.9425261203235	151.0	6569.438857902437	43157526.90771847	1627.4046825344876	955.7812050913361	26106.22872063134	26200.938623313818	0.02056352402510034	0.9794446608841264	0.99797864382906	0.1759179814192026	0.07159368277583307	2460.727817165192	921050.0	178.89297169552708	13.957901341025366	0.023903154009011454	0.17595244557841594	0.06624830356658162	0.10233754953585582	0.00040638383206153216	0.005589934531927748	0.07164400833388744	0.006622516556291391	217.9425261203235	151.0	6569.448330922048	43157651.37265448	1627.404625956357	955.7811941735691	26106.22872063134	26200.723781805133	0.020563499258818334	0.9794446856506154	0.9979786500349301	0.1759179814192026	0.07159394338603071	2460.724853515625	921050.0	178.89242553710938	13.957850571099147	0.023903154009011454	0.17595244557841594	0.06624830356658162	0.10233754953585582	0.000406384322559461	0.005589951761066914	0.07164426892995834	0.0066225165501236916	217.9425261203235	151.0	6569.4443359375	43157596.0	1627.404667107328	955.781200117037	26106.22872063134	26200.81915580376	0.03419100696833816	0.9658171832383493	0.9913635403147248	0.046971099072257765	0.022248362721593806	4031.920475544216	460525.0	749.8358415234948	44.83881371835496	0.006175560501601433	0.04701156289017969	0.01691113403181152	0.026547961565604475	0.00024802076481060135	0.001333625234515636	0.02230210652496914	0.0008291873963515755	1752.4358222736214	1206.0	7566.620224583139	57253741.6230706	1134.4755822817456	675.3595037456215	4891.789128845895	5714.007168556478	0.03419106014779675	0.9658171300584397	0.9913635107663422	0.046971099072257765	0.02224831673182206	4031.9267466478477	460525.0	749.8384035557194	44.83890617678303	0.006175560501601433	0.04701156289017969	0.01691113403181152	0.026547961565604475	0.0002480203790486526	0.0013336206778127382	0.0223020605377253	0.0008291873963515755	1752.4358222736214	1206.0	7566.631823558176	57253917.15328332	1134.4755198151524	675.3594836159917	4891.789128845895	5713.995357085732	0.034191031257826486	0.9658171589486549	0.9913635230174311	0.046971099072257765	0.02224833986646138	4031.92333984375	460525.0	749.8373413085938	44.83885966655921	0.006175560501601433	0.04701156289017969	0.01691113403181152	0.026547961565604475	0.00024802060215733945	0.0013336226111277938	0.022302083671092987	0.0008291873964481056	1752.4358222736214	1206.0	7566.62646484375	57253836.0	1134.4755537503986	675.3594919619607	4891.789128845895	5714.001298713733	4012653913.0	140.0	0.007326880375689327	0.9926812961687344	0.9995334082180571	0.3048646995198846	0.12094010189996372	889.5270093914554	460525.0	42.67912334853544	8.265345071200075	0.04163074751642148	0.30489332826665216	0.11558764453612724	0.1781314803756582	0.001124192958102668	0.023430659337437296	0.12098708419136897	0.04	32.61724880712324	25.0	4911.61825107638	24123993.844306596	1166.7952859278857	680.9273712516766	32237.27363590638	31537.343084860768	0.007326895846848623	0.9926812806974477	0.999533404491528	0.3048646995198846	0.1209389737783506	889.5288876825363	460525.0	42.67945622723555	8.26542213647579	0.04163074751642148	0.30489332826665216	0.11558547310135171	0.17812713750610715	0.001124190584304992	0.023430476589855382	0.1209859561300495	0.04	32.61724880712324	25.0	4911.624317882091	24124053.440010723	1166.7952677429714	680.9273687129964	32237.27363590638	31537.04890652128	0.007326889162575435	0.9926812873817759	0.9995334064291913	0.3048646995198846	0.1209394718637455	889.528076171875	460525.0	42.679283142089844	8.265388110633433	0.04163074751642148	0.30489332826665216	0.11558547310135171	0.17812713750610715	0.0011241915635764599	0.02343057096004486	0.12098645418882371	0.03999999910593033	32.61724880712324	25.0	4911.62060546875	24124018.0	1166.7952755997153	680.9273700330203	32237.27363590638	31537.178791396007	COMPLETE
5		2023-09-30 02:36:42.716247	2023-09-30 03:59:36.404577	0 days 01:22:53.688330	0.7477073793787321	100	512	10	1024																																																																																																																																																																																																																																				FAIL
6		2023-09-30 03:59:36.405673	2023-09-30 04:24:30.975625	0 days 00:24:54.569952	0.6837193818972886	100	256	5	1024																																																																																																																																																																																																																																				FAIL
7		2023-09-30 04:24:30.976858	2023-09-30 04:55:44.506768	0 days 00:31:13.529910	0.9131902134073222	50	256	5	512																																																																																																																																																																																																																																				FAIL
8		2023-09-30 04:55:44.507748	2023-09-30 06:28:01.112569	0 days 01:32:16.604821	0.8555579775492299	50	512	10	512																																																																																																																																																																																																																																				FAIL
9		2023-09-30 06:28:01.113660	2023-09-30 07:50:46.621083	0 days 01:22:45.507423	0.7837541490995318	50	512	10	1024																																																																																																																																																																																																																																				FAIL
10		2023-09-30 07:50:46.622152	2023-09-30 08:57:00.235517	0 days 01:06:13.613365	0.5075494223970796	50	512	5	512																																																																																																																																																																																																																																				FAIL
11		2023-09-30 08:57:00.236614	2023-09-30 09:22:05.380177	0 days 00:25:05.143563	0.7055890660862694	50	256	5	1024																																																																																																																																																																																																																																				FAIL
12	0.0792160918896073	2023-09-30 09:22:05.381122	2023-10-01 06:51:24.135061	0 days 21:29:18.753939	0.6868102318671975	50	128	100	256	0.017801598963554686	0.9822066090263991	0.9983369906015057	0.19355945532449081	0.07921647324920032	2130.222898865425	921050.0	147.3560396276708	12.615688130463667	0.027832365235329243	0.19359318169480486	0.07415558330166658	0.11405026871505347	0.00046943444300247104	0.006786284447700493	0.07926638560327559	0.00819672131147541	176.42966400216662	122.0	6702.627145994658	44925210.65822449	1631.9937644374722	956.1243889986431	28724.22347605679	28990.392086264652	0.017801707331428353	0.9822065006576198	0.9983369768930475	0.1935572837988993	0.07921577072286272	2130.2358666739046	921050.0	147.3572460644289	12.615799936385311	0.027832365235329243	0.1935910102600293	0.07415341186689105	0.11405026871505347	0.0004694315853208191	0.006786228887331206	0.0792656831150194	0.00819672131147541	176.42966400216662	122.0	6702.66618846159	44925734.033946216	1631.993584376403	956.1243758698184	28723.90122165558	28990.134986785935	0.01780165610206774	0.9822065518874086	0.9983369816572529	0.1935572837988993	0.0792160918896073	2130.229736328125	921050.0	147.35682678222656	12.615748822975451	0.027832365235329243	0.1935910102600293	0.07415341186689105	0.11405026871505347	0.00046943294000811875	0.006786248181015253	0.0792660042643547	0.008196720853447914	176.42966400216662	122.0	6702.64697265625	44925476.0	1631.9936694976952	956.1243804325793	28723.90122165558	28990.25252231193	0.02771093485682069	0.9722973103018607	0.9934382148136995	0.056104541526947785	0.02631103487156927	3267.7682101948863	460525.0	569.9484014216382	37.92971230597539	0.007734650670430487	0.05614461755605016	0.02067640193257695	0.03184191954834157	0.0003060192570819951	0.001754544793012266	0.026364555363170034	0.0011655011655011655	1239.4554546706831	858.0	7449.02161608201	55487923.036857046	1142.0873188000246	676.7728612911455	5842.9883852239645	6757.41598380037	0.027711127798083542	0.9722971173589617	0.9934381581045666	0.056104541526947785	0.02631042177947075	3267.790962488464	460525.0	569.9533184632062	37.9305943109664	0.007734650670430487	0.05614461755605016	0.02067640193257695	0.03184191954834157	0.00030601712639491706	0.0017545296563872114	0.02636394230477118	0.0011655011655011655	1239.4554546706831	858.0	7449.078253957792	55488766.833586864	1142.0870921639578	676.7728226584439	5842.9883852239645	6757.25852445427	0.027711033013415556	0.9722972121444334	0.9934381870851353	0.056104541526947785	0.02631068489427821	3267.77978515625	460525.0	569.9508056640625	37.93021578438871	0.007734650670430487	0.05614461755605016	0.02067640193257695	0.03184191954834157	0.0003060181625187397	0.0017545373411849141	0.02636420540511608	0.0011655011912807822	1239.4554546706831	858.0	7449.0498046875	55488340.0	1142.087203501595	676.7728424012544	5842.9883852239645	6757.32609975924	4012653913.0	110.0	0.008176513876154985	0.9918316556699266	0.9995846950368086	0.3310141940386546	0.132121831171392	992.6775875359643	460525.0	38.09783896329986	7.566115602142927	0.047930079800228	0.3310417458335595	0.1276347646707562	0.19625861788176538	0.0010073764256954883	0.02624820796169864	0.13216821584338112	0.045454545454545456	28.169442151606436	22.0	5636.885630287045	31774479.608936585	1165.796620462375	680.962310152553	35002.396694003306	34453.183461833105	0.008176540096639989	0.9918316294492256	0.9995846917325966	0.33100985099023766	0.13212103921095134	992.6807708593453	460525.0	38.09813411779319	7.566160936642279	0.047930079800228	0.33103740296400846	0.12763042180120515	0.19625861788176538	0.0010073731952461602	0.026248004611148776	0.13216742392526762	0.045454545454545456	28.169442151606436	22.0	5636.899683538655	31774638.042278193	1165.796589642624	680.9623079015743	35001.93744752297	34452.97694366639	0.00817652715130779	0.9918316423946645	0.9995846933242188	0.33100985099023766	0.13212140166484243	992.67919921875	460525.0	38.097991943359375	7.566140188485878	0.047930079800228	0.33103740296400846	0.12763042180120515	0.19625861788176538	0.0010073748417198658	0.026248103007674217	0.132167786359787	0.04545454680919647	28.169442151606436	22.0	5636.892578125	31774556.0	1165.7966048586627	680.9623089858593	35001.93744752297	34453.07146014634	COMPLETE
13		2023-10-01 06:51:24.135400	2023-10-01 15:33:17.892439	0 days 08:41:53.757039	0.6777828123531768	50	512	100	1024																																																																																																																																																																																																																																				FAIL
14	0.05267875494924493	2023-10-01 15:33:17.893485	2023-10-01 16:35:16.806342	0 days 01:01:58.912857	0.7345826408895477	100	64	100	1024																																																																																																																																																																																																																																				PRUNED
15		2023-10-01 16:35:16.806487	2023-10-01 17:14:21.634468	0 days 00:39:04.827981	0.6890497685147853	100	256	10	512																																																																																																																																																																																																																																				FAIL
16		2023-10-01 17:14:21.635491	2023-10-01 20:33:43.409045	0 days 03:19:21.773554	0.7311209337623357	100	256	100	256																																																																																																																																																																																																																																				FAIL
17		2023-10-01 20:33:43.409969	2023-10-01 21:04:36.865531	0 days 00:30:53.455562	0.7064024743399914	100	256	5	512																																																																																																																																																																																																																																				FAIL
18		2023-10-01 21:04:36.866497	2023-10-01 21:36:09.482230	0 days 00:31:32.615733	0.8898640081214712	100	256	5	512																																																																																																																																																																																																																																				FAIL
19	0.057805568747817095	2023-10-01 21:36:09.483228	2023-10-01 22:45:21.143694	0 days 01:09:11.660466	0.9017926843145994	100	64	100	512																																																																																																																																																																																																																																				PRUNED
20		2023-10-01 22:45:21.143868	2023-10-02 02:04:30.448521	0 days 03:19:09.304653	0.8606995855723156	50	256	100	256																																																																																																																																																																																																																																				FAIL
21		2023-10-02 02:04:30.449452	2023-10-02 03:26:25.244583	0 days 01:21:54.795131	0.5674711333370168	50	512	5	256																																																																																																																																																																																																																																				FAIL
22		2023-10-02 03:26:25.245688	2023-10-02 05:15:40.006190	0 days 01:49:14.760502	0.698249428713489	50	512	10	256																																																																																																																																																																																																																																				FAIL
23		2023-10-02 05:15:40.007294	2023-10-02 08:08:38.849442	0 days 02:52:58.842148	0.9562642256327036	50	256	100	1024																																																																																																																																																																																																																																				FAIL
24	0.051400270324900674	2023-10-02 08:08:38.850414	2023-10-02 08:36:54.499095	0 days 00:28:15.648681	0.5934571472562451	50	64	5	1024																																																																																																																																																																																																																																				PRUNED
25	0.04905512511421924	2023-10-02 08:36:54.499271	2023-10-02 09:38:34.935344	0 days 01:01:40.436073	0.6379213437192313	100	128	5	256																																																																																																																																																																																																																																				PRUNED
26	0.05735438928412006	2023-10-02 09:38:34.935512	2023-10-02 11:26:21.222993	0 days 01:47:46.287481	0.5338549712324965	100	128	100	512																																																																																																																																																																																																																																				PRUNED
27		2023-10-02 11:26:21.223138	2023-10-02 12:23:04.013453	0 days 00:56:42.790315	0.8033464882617574	50	256	10	256																																																																																																																																																																																																																																				FAIL
28		2023-10-02 12:23:04.014508	2023-10-02 14:13:39.693999	0 days 01:50:35.679491	0.7884567327873002	50	512	10	256																																																																																																																																																																																																																																				FAIL
29		2023-10-02 14:13:39.695113	2023-10-02 15:11:31.529216	0 days 00:57:51.834103	0.7841513741130679	50	256	10	256																																																																																																																																																																																																																																				FAIL
30		2023-10-02 15:11:31.530187	2023-10-02 17:02:14.984203	0 days 01:50:43.454016	0.7738755128683894	50	512	10	256																																																																																																																																																																																																																																				FAIL
31		2023-10-02 17:02:14.985322	2023-10-02 18:51:52.477328	0 days 01:49:37.492006	0.7794617184553086	50	512	10	256																																																																																																																																																																																																																																				FAIL
32		2023-10-02 18:51:52.478417	2023-10-02 19:47:41.449247	0 days 00:55:48.970830	0.7979780182509486	50	256	10	256																																																																																																																																																																																																																																				FAIL
33		2023-10-02 19:47:41.450212	2023-10-02 21:37:06.750204	0 days 01:49:25.299992	0.7858441635843757	50	512	10	256																																																																																																																																																																																																																																				FAIL
34		2023-10-02 21:37:06.751272	2023-10-02 22:32:36.021475	0 days 00:55:29.270203	0.7700089900455375	50	256	10	256																																																																																																																																																																																																																																				FAIL
35		2023-10-02 22:32:36.022466	2023-10-02 23:28:19.229326	0 days 00:55:43.206860	0.7789942146311769	50	256	10	256																																																																																																																																																																																																																																				FAIL
36		2023-10-02 23:28:19.230339	2023-10-03 01:17:47.087343	0 days 01:49:27.857004	0.7803003093333155	50	512	10	256																																																																																																																																																																																																																																				FAIL
37		2023-10-03 01:17:47.088404	2023-10-03 03:07:00.041483	0 days 01:49:12.953079	0.792220331454189	50	512	10	256																																																																																																																																																																																																																																				FAIL
38		2023-10-03 03:07:00.042558	2023-10-03 04:56:04.252966	0 days 01:49:04.210408	0.7863442040633815	50	512	10	256																																																																																																																																																																																																																																				FAIL
39		2023-10-03 04:56:04.254039	2023-10-03 05:51:49.617489	0 days 00:55:45.363450	0.7891400199062057	50	256	10	256																																																																																																																																																																																																																																				FAIL
40		2023-10-03 05:51:49.618495	2023-10-03 06:47:32.489277	0 days 00:55:42.870782	0.7822580705024443	50	256	10	256																																																																																																																																																																																																																																				FAIL
41		2023-10-03 06:47:32.490261	2023-10-03 07:42:57.089327	0 days 00:55:24.599066	0.781593245000989	50	256	10	256																																																																																																																																																																																																																																				FAIL
42		2023-10-03 07:42:57.090283	2023-10-03 09:32:07.353925	0 days 01:49:10.263642	0.7952819350825766	50	512	10	256																																																																																																																																																																																																																																				FAIL
43		2023-10-03 09:32:07.354982	2023-10-03 11:21:37.860671	0 days 01:49:30.505689	0.7949163206958371	50	512	10	256																																																																																																																																																																																																																																				FAIL
44		2023-10-03 11:21:37.861747	2023-10-03 12:17:26.097297	0 days 00:55:48.235550	0.7893749711369504	50	256	10	256																																																																																																																																																																																																																																				FAIL
45		2023-10-03 12:17:26.098267	2023-10-03 14:07:18.389750	0 days 01:49:52.291483	0.791659016321282	50	512	10	256																																																																																																																																																																																																																																				FAIL
46		2023-10-03 14:07:18.390840	2023-10-03 15:57:26.891866	0 days 01:50:08.501026	0.7731691329623381	50	512	10	256																																																																																																																																																																																																																																				FAIL
47		2023-10-03 15:57:26.892973	2023-10-03 17:47:59.349217	0 days 01:50:32.456244	0.7823821190893074	50	512	10	256																																																																																																																																																																																																																																				FAIL
48		2023-10-03 17:47:59.350279	2023-10-03 18:44:07.945349	0 days 00:56:08.595070	0.7670643152583512	50	256	10	256																																																																																																																																																																																																																																				FAIL
49		2023-10-03 18:44:07.946317	2023-10-03 20:33:21.088459	0 days 01:49:13.142142	0.7565457051645471	50	512	10	256																																																																																																																																																																																																																																				FAIL
50		2023-10-03 20:33:21.089596	2023-10-03 22:22:52.241134	0 days 01:49:31.151538	0.7633974860993715	50	512	10	256																																																																																																																																																																																																																																				FAIL
51		2023-10-03 22:22:52.242226	2023-10-03 23:18:20.513216	0 days 00:55:28.270990	0.7855845723292483	50	256	10	256																																																																																																																																																																																																																																				FAIL
52		2023-10-03 23:18:20.514207	2023-10-04 01:07:45.136686	0 days 01:49:24.622479	0.7817250440535014	50	512	10	256																																																																																																																																																																																																																																				FAIL
53		2023-10-04 01:07:45.137749	2023-10-04 02:57:03.412850	0 days 01:49:18.275101	0.7740975723639887	50	512	10	256																																																																																																																																																																																																																																				FAIL
54		2023-10-04 02:57:03.413916	2023-10-04 03:53:28.405466	0 days 00:56:24.991550	0.7885548213254606	50	256	10	256																																																																																																																																																																																																																																				FAIL
55		2023-10-04 03:53:28.406440	2023-10-04 04:49:29.149272	0 days 00:56:00.742832	0.7772931599609306	50	256	10	256																																																																																																																																																																																																																																				FAIL
56		2023-10-04 04:49:29.150258	2023-10-04 06:38:46.795025	0 days 01:49:17.644767	0.7725661126043798	50	512	10	256																																																																																																																																																																																																																																				FAIL
57		2023-10-04 06:38:46.796107	2023-10-04 08:27:42.121992	0 days 01:48:55.325885	0.7797673180216368	50	512	10	256																																																																																																																																																																																																																																				FAIL
58		2023-10-04 08:27:42.123064	2023-10-04 10:16:24.414587	0 days 01:48:42.291523	0.7775928649384419	50	512	10	256																																																																																																																																																																																																																																				FAIL
59		2023-10-04 10:16:24.415690	2023-10-04 12:05:30.568952	0 days 01:49:06.153262	0.7857882791886504	50	512	10	256																																																																																																																																																																																																																																				FAIL
60		2023-10-04 12:05:30.570035	2023-10-04 13:54:45.946198	0 days 01:49:15.376163	0.7816868922307516	50	512	10	256																																																																																																																																																																																																																																				FAIL
61		2023-10-04 13:54:45.947268	2023-10-04 15:44:00.743482	0 days 01:49:14.796214	0.7566367981794532	50	512	10	256																																																																																																																																																																																																																																				FAIL
62		2023-10-04 15:44:00.744583	2023-10-04 17:33:20.580757	0 days 01:49:19.836174	0.7847224696474921	50	512	10	256																																																																																																																																																																																																																																				FAIL
63		2023-10-04 17:33:20.581863	2023-10-04 19:22:41.733836	0 days 01:49:21.151973	0.7744366895999518	50	512	10	256																																																																																																																																																																																																																																				FAIL
